{"A54e-12":[8.436228,46.714508],"A10g-08":[10.061436,46.844631],"A54j-02":[8.158998,46.662292],"B84-04":[7.248987,45.980704],"A54e-24":[8.36696,46.675853],"A10g-18":[9.970847,46.768972],"B84-11":[7.2853,45.923334],"B84-15":[7.250884,45.892461],"B84-17":[7.248385,45.89287],"A12e-04":[9.880378,46.63367],"A12e-07":[9.842605,46.601979],"B45-04":[8.309504,46.424082],"A13k-03":[9.291898,46.505883],"A54l-04":[8.10577,46.615192],"A51e-12":[8.601332,46.60099],"B63-05":[7.632659,46.08142],"A51e-20":[8.481688,46.538918],"A54i-05":[8.197378,46.607759],"A55c-05":[7.652664,46.429341],"C32-02":[8.731496,46.433409],"B43-03":[8.385154,46.580905],"A55c-13":[7.558836,46.400444],"B74-08":[7.425442,46.018534],"B61-02":[7.651567,46.242898],"B74-11":[7.393735,46.021249],"B17-03":[7.146494,46.246699],"B17-02":[7.162583,46.259077],"B17-04":[7.136186,46.242049],"B17-08":[7.092714,46.208953],"A14d-17":[9.033542,46.50757],"B40-07":[8.132358,46.455633],"A55f-03":[7.505472,46.394795],"A55f-01":[7.534883,46.423713],"B36-01":[8.000576,46.406569],"B72-11":[7.567268,46.038248],"B72-15":[7.549142,45.986076],"B47-04":[8.082189,46.256891],"A14p-03":[9.247146,46.904002],"A14p-01":[9.176557,46.880086],"B54-03":[7.840777,46.149359],"A55a-04":[7.795306,46.516221],"C34-01":[8.390887,46.456448],"B90-04":[6.991276,46.002603],"B90-02":[7.011206,45.993618],"A51e-37":[8.447635,46.606665],"A12i-03":[9.700441,46.54571],"A12d-03":[9.948753,46.699317],"A50i-02":[9.04585,46.880727],"A50i-07":[8.994348,46.834138],"A50i-06":[9.001515,46.815929],"B58-08":[7.757046,46.10486],"A50i-12":[8.957457,46.818499],"A50i-19":[8.909235,46.846836],"B85-07":[7.043176,45.924589],"E22-03":[9.909407,46.379526],"B85-16":[7.075665,45.983815],"B62-10":[7.67474,46.093807],"B31-02":[7.902347,46.472239],"B85-23":[7.068556,46.000053],"B31-04":[7.915412,46.450665],"A54m-03":[7.975553,46.568329],"B36-21":[8.043672,46.445534],"B36-26":[8.033188,46.401192],"A51g-05":[8.54678,46.793891],"B60-09":[7.691587,46.153771],"C84-09":[9.67417,46.323992],"A54m-21":[7.857903,46.499341],"C84-16":[9.646339,46.312797],"B83-03":[7.288255,46.005013],"B56-03":[7.87963,45.973917],"B56-07":[7.777233,45.930346],"A13n-06":[9.054053,46.491155],"A13n-04":[9.111128,46.487439],"C14-10":[8.496271,46.415747],"C14-17":[8.470214,46.452089],"A51d-10":[8.822109,46.809138],"A56d-01":[7.376843,46.369965],"A51d-15":[8.804819,46.740063],"A56d-05":[7.334065,46.353348],"B53-07":[7.898412,46.116138],"B53-04":[7.894449,46.094454],"E35-17":[9.710098,46.531076],"B22-01":[7.243158,46.325236],"E35-15":[9.713465,46.515511],"E03-04":[10.412467,46.715027],"E35-23":[9.723736,46.543522],"A14f-15":[8.92844,46.62674],"B64-02":[7.58649,46.09753],"A13i-02":[9.374468,46.511493],"C95-01":[10.106174,46.421895],"C33-08":[8.509051,46.473235],"B46-07":[8.311205,46.39518],"C93-04":[9.957229,46.3762],"C93-09":[9.997789,46.396451],"A51h-14":[8.443796,46.78042],"B57-05":[7.576919,45.986698],"A14m-09":[8.953427,46.787993],"B75-06":[7.33782,46.072638],"C02-04":[8.008548,46.18517],"B44-03":[8.415248,46.551364],"B75-12":[7.307772,46.089279],"A50k-04":[8.980185,47.002348],"A54l-19":[8.065359,46.588131],"A51f-10":[8.44796,46.629783],"A51f-15":[8.425216,46.675453],"A51f-13":[8.434842,46.664997],"E23-06":[9.898716,46.376802],"A51f-24":[8.476422,46.701224],"A51f-23":[8.471957,46.685401],"E23-11":[9.832728,46.3609],"A55b-02":[7.76014,46.506111],"B82-14":[7.367857,46.000699],"C44-02":[9.030985,46.494233],"B73-16":[7.467667,46.015649],"B73-15":[7.467591,46.00711],"B73-14":[7.48894,45.955598],"B82-19":[7.396085,45.956669],"A50d-01":[9.389889,46.960831],"A51f-32":[8.521017,46.703295],"A51c-02":[8.827605,46.843127],"A55b-13":[7.764297,46.467646],"B82-27":[7.488894,45.955625],"B82-36":[7.29532,45.921301],"A51f-52":[8.52158,46.774421],"A15b-05":[9.262076,46.922029],"B16-01":[7.214916,46.330515],"B52-17":[8.001259,46.015497],"B16-05":[7.186125,46.308635],"B16-03":[7.206207,46.322192],"B52-24":[7.909745,45.996873],"B52-22":[7.953454,45.997225],"B52-29":[7.942321,46.048273],"B52-33":[7.928481,46.064517],"B52-32":[7.933221,46.055807],"A54g-03":[8.231297,46.537681],"C42-02":[8.910077,46.612404],"A54g-11":[8.243255,46.565967],"A51h-02":[8.483595,46.837055],"E50-07":[10.092587,46.831972],"A51h-13":[8.455632,46.774263],"C83-12":[9.715254,46.295993],"A54e-13":[8.410081,46.705861],"A10g-05":[10.05763,46.855911]}