{"A54e-12":[8.436086,46.714513],"A10g-08":[10.060693,46.844553],"A54j-02":[8.159406,46.66248],"B84-04":[7.248906,45.981161],"A54e-24":[8.366625,46.676547],"A10g-18":[9.97087,46.769187],"B84-11":[7.285071,45.923922],"B84-15":[7.267091,45.916476],"B84-17":[7.251149,45.915793],"A12e-04":[9.880194,46.63371],"A12e-07":[9.84175,46.602904],"B45-04":[8.357518,46.451448],"A13k-03":[9.291956,46.505926],"A54l-04":[8.105103,46.614828],"A51e-12":[8.601042,46.601119],"B63-05":[7.632992,46.081288],"A51e-20":[8.480306,46.541072],"A54i-05":[8.198611,46.607939],"A55c-05":[7.651911,46.429571],"C32-02":[8.731384,46.433465],"B43-03":[8.384532,46.581025],"A55c-13":[7.559062,46.400113],"B74-08":[7.424878,46.018375],"B61-02":[7.651777,46.243144],"B74-11":[7.393678,46.02171],"B17-03":[7.146371,46.246735],"B17-02":[7.163442,46.259588],"B17-04":[7.135931,46.241943],"B17-08":[7.095359,46.210355],"A14d-17":[9.03432,46.508584],"B40-07":[8.133073,46.454422],"A55f-03":[7.505233,46.39493],"A55f-01":[7.535005,46.423857],"B36-01":[8.00067,46.406579],"B72-11":[7.566806,46.039024],"B72-15":[7.547891,46.022625],"B47-04":[8.067817,46.244521],"A14p-03":[9.247928,46.903644],"A14p-01":[9.176713,46.880022],"B54-03":[7.840001,46.149612],"A55a-04":[7.793874,46.516205],"C34-01":[8.390779,46.456971],"B90-04":[7.002416,46.009048],"B90-02":[7.023191,46.018583],"A51e-37":[8.447659,46.607651],"A12i-03":[9.701568,46.546042],"A12d-03":[9.947904,46.699306],"A50i-02":[9.045919,46.88089],"A50i-07":[8.993808,46.835603],"A50i-06":[9.004806,46.815631],"B58-08":[7.757019,46.104885],"A50i-12":[8.957363,46.81845],"A50i-19":[8.909847,46.846459],"B85-07":[7.060109,45.933232],"E22-03":[9.931804,46.424641],"B85-16":[7.079068,45.986846],"B62-10":[7.673626,46.094743],"B31-02":[7.901984,46.471079],"B85-23":[7.069125,45.999974],"B31-04":[7.915134,46.450334],"A54m-03":[7.975491,46.568338],"B36-21":[8.045976,46.444351],"B36-26":[8.03293,46.40134],"A51g-05":[8.546922,46.794158],"B60-09":[7.69138,46.153802],"C84-09":[9.674125,46.324108],"A54m-21":[7.857491,46.499969],"C84-16":[9.645863,46.313563],"B83-03":[7.289708,46.005647],"B56-03":[7.825763,46.011031],"B56-07":[7.745983,45.977065],"A13n-06":[9.053862,46.491167],"A13n-04":[9.111128,46.487439],"C14-10":[8.497818,46.416026],"C14-17":[8.470214,46.452089],"A51d-10":[8.818605,46.807841],"A56d-01":[7.376111,46.369496],"A51d-15":[8.804798,46.740104],"A56d-05":[7.333884,46.353581],"B53-07":[7.899138,46.115503],"B53-04":[7.90029,46.096788],"E35-17":[9.710195,46.531585],"B22-01":[7.24444,46.325759],"E35-15":[9.713465,46.515511],"E03-04":[10.411148,46.714884],"E35-23":[9.723839,46.542888],"A14f-15":[8.929981,46.626906],"B64-02":[7.586996,46.097915],"A13i-02":[9.374877,46.512135],"C95-01":[10.105335,46.421437],"C33-08":[8.507923,46.473716],"B46-07":[8.309895,46.394805],"C93-04":[9.987695,46.368071],"C93-09":[10.001082,46.398429],"A51h-14":[8.444064,46.782469],"B57-05":[7.656566,46.001024],"A14m-09":[8.953456,46.788004],"B75-06":[7.336308,46.072604],"C02-04":[8.008523,46.185099],"B44-03":[8.41532,46.551661],"B75-12":[7.308629,46.08935],"A50k-04":[8.979766,47.001194],"A54l-19":[8.065481,46.58831],"A51f-10":[8.44938,46.629689],"A51f-15":[8.425305,46.67539],"A51f-13":[8.436167,46.665074],"E23-06":[9.86899,46.403654],"A51f-24":[8.477237,46.70076],"A51f-23":[8.47327,46.684875],"E23-11":[9.850793,46.386826],"A55b-02":[7.75964,46.506315],"B82-14":[7.36679,46.001323],"C44-02":[9.029397,46.493393],"B73-16":[7.468291,46.015621],"B73-15":[7.467542,46.0073],"B73-14":[7.494061,45.993276],"B82-19":[7.39533,45.956661],"A50d-01":[9.389975,46.961068],"A51f-32":[8.521621,46.703671],"A51c-02":[8.827575,46.843071],"A55b-13":[7.764153,46.467289],"B82-27":[7.418294,45.935884],"B82-36":[7.357336,45.930729],"A51f-52":[8.520307,46.772839],"A15b-05":[9.262101,46.921905],"B16-01":[7.21435,46.330642],"B52-17":[8.001259,46.015497],"B16-05":[7.186115,46.308787],"B16-03":[7.204281,46.322308],"B52-24":[7.939424,46.026538],"B52-22":[7.957269,46.004722],"B52-29":[7.942434,46.048026],"B52-33":[7.9289,46.064457],"B52-32":[7.933231,46.055811],"A54g-03":[8.231445,46.537653],"C42-02":[8.91216,46.612369],"A54g-11":[8.249407,46.565148],"A51h-02":[8.483585,46.837109],"E50-07":[10.09262,46.831724],"A51h-13":[8.45415,46.7758],"C83-12":[9.70139,46.336145],"A54e-13":[8.41058,46.707407],"A10g-05":[10.056932,46.855695]}